Filename, Num_Colors, Learning, Passes, MSE, ERR , , Filename, Num_Colors, Learning, Passes, MSE, ERR , , Filename, Num_Colors, Learning, Passes, MSE, ERR , , Filename, Num_Colors, Learning, Passes, MSE, ERR , , Filename, Num_Colors, Learning, Passes, MSE, ERR , , Filename, Num_Colors, Learning, Passes, MSE, ERR , , Filename, Num_Colors, Learning, Passes, MSE, ERR , , Filename, Num_Colors, Learning, Passes, MSE, ERR , , Filename, Num_Colors, Learning, Passes, MSE, ERR , , Filename, Num_Colors, Learning, Passes, MSE, ERR , , Filename, Num_Colors, Learning, Passes, MSE, ERR , , Filename, Num_Colors, Learning, Passes, MSE, ERR , , Filename, Num_Colors, Learning, Passes, MSE, ERR , , Filename, Num_Colors, Learning, Passes, MSE, ERR , , Filename, Num_Colors, Learning, Passes, MSE, ERR , , Filename, Num_Colors, Learning, Passes, MSE, ERR , , Filename, Num_Colors, Learning, Passes, MSE, ERR , , Filename, Num_Colors, Learning, Passes, MSE, ERR , , Filename, Num_Colors, Learning, Passes, MSE, ERR , , Filename, Num_Colors, Learning, Passes, MSE, ERR , , Filename, Num_Colors, Learning, Passes, MSE, ERR , , Filename, Num_Colors, Learning, Passes, MSE, ERR , , Filename, Num_Colors, Learning, Passes, MSE, ERR , , Filename, Num_Colors, Learning, Passes, MSE, ERR , , Filename, Num_Colors, Learning, Passes, MSE, ERR , , Filename, Num_Colors, Learning, Passes, MSE, ERR , , Filename, Num_Colors, Learning, Passes, MSE, ERR , , Filename, Num_Colors, Learning, Passes, MSE, ERR , , Filename, Num_Colors, Learning, Passes, MSE, ERR , , Filename, Num_Colors, Learning, Passes, MSE, ERR , , Filename, Num_Colors, Learning, Passes, MSE, ERR , , Filename, Num_Colors, Learning, Passes, MSE, ERR , , 
baboon.ppm, 32, 0.500000, 1.000000, 376.239648, , ,baboon.ppm, 64, 0.500000, 1.000000, 235.419276, , ,baboon.ppm, 128, 0.500000, 1.000000, 151.527381, , ,baboon.ppm, 256, 0.500000, 1.000000, 98.057709, , ,fish.ppm, 32, 0.500000, 1.000000, 149.293874, , ,fish.ppm, 64, 0.500000, 1.000000, 92.066993, , ,fish.ppm, 128, 0.500000, 1.000000, 58.531090, , ,fish.ppm, 256, 0.500000, 1.000000, 36.271651, , ,lenna.ppm, 32, 0.500000, 1.000000, 130.973594, , ,lenna.ppm, 64, 0.500000, 1.000000, 74.991225, , ,lenna.ppm, 128, 0.500000, 1.000000, 47.769889, , ,lenna.ppm, 256, 0.500000, 1.000000, 30.986089, , ,goldhill.ppm, 32, 0.500000, 1.000000, 143.199150, , ,goldhill.ppm, 64, 0.500000, 1.000000, 84.254625, , ,goldhill.ppm, 128, 0.500000, 1.000000, 52.942324, , ,goldhill.ppm, 256, 0.500000, 1.000000, 35.413626, , ,kodim05.ppm, 32, 0.500000, 1.000000, 199.295705, , ,kodim05.ppm, 64, 0.500000, 1.000000, 121.307180, , ,kodim05.ppm, 128, 0.500000, 1.000000, 71.922333, , ,kodim05.ppm, 256, 0.500000, 1.000000, 45.607601, , ,kodim23.ppm, 32, 0.500000, 1.000000, 235.056173, , ,kodim23.ppm, 64, 0.500000, 1.000000, 129.813951, , ,kodim23.ppm, 128, 0.500000, 1.000000, 76.033640, , ,kodim23.ppm, 256, 0.500000, 1.000000, 44.838738, , ,peppers.ppm, 32, 0.500000, 1.000000, 249.589946, , ,peppers.ppm, 64, 0.500000, 1.000000, 147.309480, , ,peppers.ppm, 128, 0.500000, 1.000000, 89.401292, , ,peppers.ppm, 256, 0.500000, 1.000000, 57.208967, , ,pills.ppm, 32, 0.500000, 1.000000, 201.094503, , ,pills.ppm, 64, 0.500000, 1.000000, 111.472091, , ,pills.ppm, 128, 0.500000, 1.000000, 67.318046, , ,pills.ppm, 256, 0.500000, 1.000000, 42.543029, , ,
baboon.ppm, 32, 0.500000, 0.750000, 376.277147, , ,baboon.ppm, 64, 0.500000, 0.750000, 237.567996, , ,baboon.ppm, 128, 0.500000, 0.750000, 152.923352, , ,baboon.ppm, 256, 0.500000, 0.750000, 98.511892, , ,fish.ppm, 32, 0.500000, 0.750000, 146.568338, , ,fish.ppm, 64, 0.500000, 0.750000, 91.246719, , ,fish.ppm, 128, 0.500000, 0.750000, 60.249441, , ,fish.ppm, 256, 0.500000, 0.750000, 36.716240, , ,lenna.ppm, 32, 0.500000, 0.750000, 131.038377, , ,lenna.ppm, 64, 0.500000, 0.750000, 75.237394, , ,lenna.ppm, 128, 0.500000, 0.750000, 47.953126, , ,lenna.ppm, 256, 0.500000, 0.750000, 31.605188, , ,goldhill.ppm, 32, 0.500000, 0.750000, 143.537108, , ,goldhill.ppm, 64, 0.500000, 0.750000, 84.388233, , ,goldhill.ppm, 128, 0.500000, 0.750000, 53.382588, , ,goldhill.ppm, 256, 0.500000, 0.750000, 35.913067, , ,kodim05.ppm, 32, 0.500000, 0.750000, 207.855316, , ,kodim05.ppm, 64, 0.500000, 0.750000, 118.546356, , ,kodim05.ppm, 128, 0.500000, 0.750000, 73.450811, , ,kodim05.ppm, 256, 0.500000, 0.750000, 46.001798, , ,kodim23.ppm, 32, 0.500000, 0.750000, 240.350651, , ,kodim23.ppm, 64, 0.500000, 0.750000, 131.273887, , ,kodim23.ppm, 128, 0.500000, 0.750000, 75.966297, , ,kodim23.ppm, 256, 0.500000, 0.750000, 45.751597, , ,peppers.ppm, 32, 0.500000, 0.750000, 249.751545, , ,peppers.ppm, 64, 0.500000, 0.750000, 149.447026, , ,peppers.ppm, 128, 0.500000, 0.750000, 89.840817, , ,peppers.ppm, 256, 0.500000, 0.750000, 58.023153, , ,pills.ppm, 32, 0.500000, 0.750000, 198.279064, , ,pills.ppm, 64, 0.500000, 0.750000, 112.889257, , ,pills.ppm, 128, 0.500000, 0.750000, 68.058740, , ,pills.ppm, 256, 0.500000, 0.750000, 42.523354, , ,
baboon.ppm, 32, 0.500000, 0.500000, 376.676697, , ,baboon.ppm, 64, 0.500000, 0.500000, 237.551449, , ,baboon.ppm, 128, 0.500000, 0.500000, 153.237086, , ,baboon.ppm, 256, 0.500000, 0.500000, 99.627032, , ,fish.ppm, 32, 0.500000, 0.500000, 154.301615, , ,fish.ppm, 64, 0.500000, 0.500000, 95.502531, , ,fish.ppm, 128, 0.500000, 0.500000, 60.244056, , ,fish.ppm, 256, 0.500000, 0.500000, 38.445904, , ,lenna.ppm, 32, 0.500000, 0.500000, 131.305301, , ,lenna.ppm, 64, 0.500000, 0.500000, 76.097941, , ,lenna.ppm, 128, 0.500000, 0.500000, 48.528685, , ,lenna.ppm, 256, 0.500000, 0.500000, 31.934387, , ,goldhill.ppm, 32, 0.500000, 0.500000, 144.532870, , ,goldhill.ppm, 64, 0.500000, 0.500000, 84.057938, , ,goldhill.ppm, 128, 0.500000, 0.500000, 53.510732, , ,goldhill.ppm, 256, 0.500000, 0.500000, 36.539488, , ,kodim05.ppm, 32, 0.500000, 0.500000, 211.561072, , ,kodim05.ppm, 64, 0.500000, 0.500000, 118.477940, , ,kodim05.ppm, 128, 0.500000, 0.500000, 76.577756, , ,kodim05.ppm, 256, 0.500000, 0.500000, 46.936432, , ,kodim23.ppm, 32, 0.500000, 0.500000, 239.065752, , ,kodim23.ppm, 64, 0.500000, 0.500000, 130.793715, , ,kodim23.ppm, 128, 0.500000, 0.500000, 78.292004, , ,kodim23.ppm, 256, 0.500000, 0.500000, 45.967013, , ,peppers.ppm, 32, 0.500000, 0.500000, 261.192593, , ,peppers.ppm, 64, 0.500000, 0.500000, 149.926079, , ,peppers.ppm, 128, 0.500000, 0.500000, 91.475618, , ,peppers.ppm, 256, 0.500000, 0.500000, 59.618664, , ,pills.ppm, 32, 0.500000, 0.500000, 199.703890, , ,pills.ppm, 64, 0.500000, 0.500000, 112.270235, , ,pills.ppm, 128, 0.500000, 0.500000, 68.694622, , ,pills.ppm, 256, 0.500000, 0.500000, 43.425629, , ,
baboon.ppm, 32, 0.500000, 0.250000, 377.308905, , ,baboon.ppm, 64, 0.500000, 0.250000, 239.277637, , ,baboon.ppm, 128, 0.500000, 0.250000, 155.392608, , ,baboon.ppm, 256, 0.500000, 0.250000, 102.594727, , ,fish.ppm, 32, 0.500000, 0.250000, 150.819420, , ,fish.ppm, 64, 0.500000, 0.250000, 100.475854, , ,fish.ppm, 128, 0.500000, 0.250000, 64.737935, , ,fish.ppm, 256, 0.500000, 0.250000, 40.522781, , ,lenna.ppm, 32, 0.500000, 0.250000, 132.395816, , ,lenna.ppm, 64, 0.500000, 0.250000, 76.484444, , ,lenna.ppm, 128, 0.500000, 0.250000, 49.580921, , ,lenna.ppm, 256, 0.500000, 0.250000, 33.151732, , ,goldhill.ppm, 32, 0.500000, 0.250000, 144.911383, , ,goldhill.ppm, 64, 0.500000, 0.250000, 86.576604, , ,goldhill.ppm, 128, 0.500000, 0.250000, 56.465902, , ,goldhill.ppm, 256, 0.500000, 0.250000, 38.274960, , ,kodim05.ppm, 32, 0.500000, 0.250000, 209.926347, , ,kodim05.ppm, 64, 0.500000, 0.250000, 125.961830, , ,kodim05.ppm, 128, 0.500000, 0.250000, 79.236762, , ,kodim05.ppm, 256, 0.500000, 0.250000, 48.726558, , ,kodim23.ppm, 32, 0.500000, 0.250000, 240.210204, , ,kodim23.ppm, 64, 0.500000, 0.250000, 130.281244, , ,kodim23.ppm, 128, 0.500000, 0.250000, 79.059503, , ,kodim23.ppm, 256, 0.500000, 0.250000, 49.181557, , ,peppers.ppm, 32, 0.500000, 0.250000, 261.315856, , ,peppers.ppm, 64, 0.500000, 0.250000, 149.949705, , ,peppers.ppm, 128, 0.500000, 0.250000, 93.738641, , ,peppers.ppm, 256, 0.500000, 0.250000, 61.713473, , ,pills.ppm, 32, 0.500000, 0.250000, 200.951881, , ,pills.ppm, 64, 0.500000, 0.250000, 114.636061, , ,pills.ppm, 128, 0.500000, 0.250000, 70.140503, , ,pills.ppm, 256, 0.500000, 0.250000, 45.839446, , ,
baboon.ppm, 32, 0.600000, 1.000000, 374.647895, , ,baboon.ppm, 64, 0.600000, 1.000000, 236.568125, , ,baboon.ppm, 128, 0.600000, 1.000000, 152.586856, , ,baboon.ppm, 256, 0.600000, 1.000000, 97.825230, , ,fish.ppm, 32, 0.600000, 1.000000, 165.944858, , ,fish.ppm, 64, 0.600000, 1.000000, 94.102273, , ,fish.ppm, 128, 0.600000, 1.000000, 60.380771, , ,fish.ppm, 256, 0.600000, 1.000000, 37.359415, , ,lenna.ppm, 32, 0.600000, 1.000000, 131.741300, , ,lenna.ppm, 64, 0.600000, 1.000000, 74.904771, , ,lenna.ppm, 128, 0.600000, 1.000000, 48.024369, , ,lenna.ppm, 256, 0.600000, 1.000000, 31.589735, , ,goldhill.ppm, 32, 0.600000, 1.000000, 145.875892, , ,goldhill.ppm, 64, 0.600000, 1.000000, 85.047898, , ,goldhill.ppm, 128, 0.600000, 1.000000, 54.251685, , ,goldhill.ppm, 256, 0.600000, 1.000000, 36.039403, , ,kodim05.ppm, 32, 0.600000, 1.000000, 198.744854, , ,kodim05.ppm, 64, 0.600000, 1.000000, 123.253674, , ,kodim05.ppm, 128, 0.600000, 1.000000, 76.322360, , ,kodim05.ppm, 256, 0.600000, 1.000000, 46.583852, , ,kodim23.ppm, 32, 0.600000, 1.000000, 246.912676, , ,kodim23.ppm, 64, 0.600000, 1.000000, 129.650267, , ,kodim23.ppm, 128, 0.600000, 1.000000, 78.284406, , ,kodim23.ppm, 256, 0.600000, 1.000000, 45.720043, , ,peppers.ppm, 32, 0.600000, 1.000000, 248.995536, , ,peppers.ppm, 64, 0.600000, 1.000000, 147.951834, , ,peppers.ppm, 128, 0.600000, 1.000000, 89.544941, , ,peppers.ppm, 256, 0.600000, 1.000000, 58.134680, , ,pills.ppm, 32, 0.600000, 1.000000, 198.336266, , ,pills.ppm, 64, 0.600000, 1.000000, 113.777891, , ,pills.ppm, 128, 0.600000, 1.000000, 68.614746, , ,pills.ppm, 256, 0.600000, 1.000000, 42.979114, , ,
baboon.ppm, 32, 0.600000, 0.750000, 374.483871, , ,baboon.ppm, 64, 0.600000, 0.750000, 236.811722, , ,baboon.ppm, 128, 0.600000, 0.750000, 152.694063, , ,baboon.ppm, 256, 0.600000, 0.750000, 98.745804, , ,fish.ppm, 32, 0.600000, 0.750000, 145.834288, , ,fish.ppm, 64, 0.600000, 0.750000, 94.564744, , ,fish.ppm, 128, 0.600000, 0.750000, 61.814168, , ,fish.ppm, 256, 0.600000, 0.750000, 37.804987, , ,lenna.ppm, 32, 0.600000, 0.750000, 130.940868, , ,lenna.ppm, 64, 0.600000, 0.750000, 75.574791, , ,lenna.ppm, 128, 0.600000, 0.750000, 48.448964, , ,lenna.ppm, 256, 0.600000, 0.750000, 31.870383, , ,goldhill.ppm, 32, 0.600000, 0.750000, 143.684956, , ,goldhill.ppm, 64, 0.600000, 0.750000, 85.735870, , ,goldhill.ppm, 128, 0.600000, 0.750000, 54.221898, , ,goldhill.ppm, 256, 0.600000, 0.750000, 36.355351, , ,kodim05.ppm, 32, 0.600000, 0.750000, 206.309482, , ,kodim05.ppm, 64, 0.600000, 0.750000, 123.286539, , ,kodim05.ppm, 128, 0.600000, 0.750000, 75.934629, , ,kodim05.ppm, 256, 0.600000, 0.750000, 46.908065, , ,kodim23.ppm, 32, 0.600000, 0.750000, 237.755923, , ,kodim23.ppm, 64, 0.600000, 0.750000, 131.854056, , ,kodim23.ppm, 128, 0.600000, 0.750000, 77.972815, , ,kodim23.ppm, 256, 0.600000, 0.750000, 46.796312, , ,peppers.ppm, 32, 0.600000, 0.750000, 260.671342, , ,peppers.ppm, 64, 0.600000, 0.750000, 147.933087, , ,peppers.ppm, 128, 0.600000, 0.750000, 89.919166, , ,peppers.ppm, 256, 0.600000, 0.750000, 59.093368, , ,pills.ppm, 32, 0.600000, 0.750000, 199.871817, , ,pills.ppm, 64, 0.600000, 0.750000, 111.525636, , ,pills.ppm, 128, 0.600000, 0.750000, 68.261524, , ,pills.ppm, 256, 0.600000, 0.750000, 43.351192, , ,
baboon.ppm, 32, 0.600000, 0.500000, 373.963187, , ,baboon.ppm, 64, 0.600000, 0.500000, 237.344510, , ,baboon.ppm, 128, 0.600000, 0.500000, 153.159055, , ,baboon.ppm, 256, 0.600000, 0.500000, 99.739410, , ,fish.ppm, 32, 0.600000, 0.500000, 155.681256, , ,fish.ppm, 64, 0.600000, 0.500000, 100.745958, , ,fish.ppm, 128, 0.600000, 0.500000, 62.280849, , ,fish.ppm, 256, 0.600000, 0.500000, 37.940483, , ,lenna.ppm, 32, 0.600000, 0.500000, 132.627430, , ,lenna.ppm, 64, 0.600000, 0.500000, 76.489575, , ,lenna.ppm, 128, 0.600000, 0.500000, 48.970440, , ,lenna.ppm, 256, 0.600000, 0.500000, 32.220423, , ,goldhill.ppm, 32, 0.600000, 0.500000, 144.171271, , ,goldhill.ppm, 64, 0.600000, 0.500000, 85.427548, , ,goldhill.ppm, 128, 0.600000, 0.500000, 54.859379, , ,goldhill.ppm, 256, 0.600000, 0.500000, 36.913504, , ,kodim05.ppm, 32, 0.600000, 0.500000, 214.495148, , ,kodim05.ppm, 64, 0.600000, 0.500000, 128.557006, , ,kodim05.ppm, 128, 0.600000, 0.500000, 80.466978, , ,kodim05.ppm, 256, 0.600000, 0.500000, 47.812865, , ,kodim23.ppm, 32, 0.600000, 0.500000, 249.961439, , ,kodim23.ppm, 64, 0.600000, 0.500000, 130.231483, , ,kodim23.ppm, 128, 0.600000, 0.500000, 77.398771, , ,kodim23.ppm, 256, 0.600000, 0.500000, 48.524076, , ,peppers.ppm, 32, 0.600000, 0.500000, 255.187482, , ,peppers.ppm, 64, 0.600000, 0.500000, 149.167156, , ,peppers.ppm, 128, 0.600000, 0.500000, 92.002199, , ,peppers.ppm, 256, 0.600000, 0.500000, 60.028211, , ,pills.ppm, 32, 0.600000, 0.500000, 198.564680, , ,pills.ppm, 64, 0.600000, 0.500000, 114.603417, , ,pills.ppm, 128, 0.600000, 0.500000, 69.014078, , ,pills.ppm, 256, 0.600000, 0.500000, 44.274901, , ,
baboon.ppm, 32, 0.600000, 0.250000, 377.947194, , ,baboon.ppm, 64, 0.600000, 0.250000, 237.945872, , ,baboon.ppm, 128, 0.600000, 0.250000, 155.412848, , ,baboon.ppm, 256, 0.600000, 0.250000, 102.145758, , ,fish.ppm, 32, 0.600000, 0.250000, 154.953068, , ,fish.ppm, 64, 0.600000, 0.250000, 96.618452, , ,fish.ppm, 128, 0.600000, 0.250000, 66.517730, , ,fish.ppm, 256, 0.600000, 0.250000, 41.350183, , ,lenna.ppm, 32, 0.600000, 0.250000, 131.548241, , ,lenna.ppm, 64, 0.600000, 0.250000, 76.579978, , ,lenna.ppm, 128, 0.600000, 0.250000, 49.924333, , ,lenna.ppm, 256, 0.600000, 0.250000, 33.486910, , ,goldhill.ppm, 32, 0.600000, 0.250000, 145.241295, , ,goldhill.ppm, 64, 0.600000, 0.250000, 86.903863, , ,goldhill.ppm, 128, 0.600000, 0.250000, 58.106978, , ,goldhill.ppm, 256, 0.600000, 0.250000, 38.614462, , ,kodim05.ppm, 32, 0.600000, 0.250000, 216.394064, , ,kodim05.ppm, 64, 0.600000, 0.250000, 131.571052, , ,kodim05.ppm, 128, 0.600000, 0.250000, 83.339109, , ,kodim05.ppm, 256, 0.600000, 0.250000, 51.300533, , ,kodim23.ppm, 32, 0.600000, 0.250000, 244.079383, , ,kodim23.ppm, 64, 0.600000, 0.250000, 135.734786, , ,kodim23.ppm, 128, 0.600000, 0.250000, 81.677580, , ,kodim23.ppm, 256, 0.600000, 0.250000, 48.539473, , ,peppers.ppm, 32, 0.600000, 0.250000, 264.421726, , ,peppers.ppm, 64, 0.600000, 0.250000, 151.750128, , ,peppers.ppm, 128, 0.600000, 0.250000, 93.673577, , ,peppers.ppm, 256, 0.600000, 0.250000, 62.857688, , ,pills.ppm, 32, 0.600000, 0.250000, 200.100662, , ,pills.ppm, 64, 0.600000, 0.250000, 117.627412, , ,pills.ppm, 128, 0.600000, 0.250000, 70.899953, , ,pills.ppm, 256, 0.600000, 0.250000, 46.217835, , ,
baboon.ppm, 32, 0.700000, 1.000000, 374.301323, , ,baboon.ppm, 64, 0.700000, 1.000000, 237.166814, , ,baboon.ppm, 128, 0.700000, 1.000000, 152.389123, , ,baboon.ppm, 256, 0.700000, 1.000000, 99.114538, , ,fish.ppm, 32, 0.700000, 1.000000, 157.796161, , ,fish.ppm, 64, 0.700000, 1.000000, 97.955262, , ,fish.ppm, 128, 0.700000, 1.000000, 60.537026, , ,fish.ppm, 256, 0.700000, 1.000000, 37.374972, , ,lenna.ppm, 32, 0.700000, 1.000000, 131.899812, , ,lenna.ppm, 64, 0.700000, 1.000000, 75.657343, , ,lenna.ppm, 128, 0.700000, 1.000000, 49.003327, , ,lenna.ppm, 256, 0.700000, 1.000000, 31.774685, , ,goldhill.ppm, 32, 0.700000, 1.000000, 148.186550, , ,goldhill.ppm, 64, 0.700000, 1.000000, 85.503085, , ,goldhill.ppm, 128, 0.700000, 1.000000, 55.233640, , ,goldhill.ppm, 256, 0.700000, 1.000000, 36.731007, , ,kodim05.ppm, 32, 0.700000, 1.000000, 214.156523, , ,kodim05.ppm, 64, 0.700000, 1.000000, 132.199009, , ,kodim05.ppm, 128, 0.700000, 1.000000, 79.229856, , ,kodim05.ppm, 256, 0.700000, 1.000000, 48.552752, , ,kodim23.ppm, 32, 0.700000, 1.000000, 243.498499, , ,kodim23.ppm, 64, 0.700000, 1.000000, 131.697104, , ,kodim23.ppm, 128, 0.700000, 1.000000, 79.661770, , ,kodim23.ppm, 256, 0.700000, 1.000000, 48.170478, , ,peppers.ppm, 32, 0.700000, 1.000000, 263.211268, , ,peppers.ppm, 64, 0.700000, 1.000000, 149.186487, , ,peppers.ppm, 128, 0.700000, 1.000000, 90.085824, , ,peppers.ppm, 256, 0.700000, 1.000000, 60.095389, , ,pills.ppm, 32, 0.700000, 1.000000, 200.519056, , ,pills.ppm, 64, 0.700000, 1.000000, 113.637317, , ,pills.ppm, 128, 0.700000, 1.000000, 69.301994, , ,pills.ppm, 256, 0.700000, 1.000000, 44.245496, , ,
baboon.ppm, 32, 0.700000, 0.750000, 376.788170, , ,baboon.ppm, 64, 0.700000, 0.750000, 237.162012, , ,baboon.ppm, 128, 0.700000, 0.750000, 154.107731, , ,baboon.ppm, 256, 0.700000, 0.750000, 99.135919, , ,fish.ppm, 32, 0.700000, 0.750000, 156.667149, , ,fish.ppm, 64, 0.700000, 0.750000, 96.858026, , ,fish.ppm, 128, 0.700000, 0.750000, 62.139286, , ,fish.ppm, 256, 0.700000, 0.750000, 37.972662, , ,lenna.ppm, 32, 0.700000, 0.750000, 133.896610, , ,lenna.ppm, 64, 0.700000, 0.750000, 75.928570, , ,lenna.ppm, 128, 0.700000, 0.750000, 48.743340, , ,lenna.ppm, 256, 0.700000, 0.750000, 32.298113, , ,goldhill.ppm, 32, 0.700000, 0.750000, 146.821783, , ,goldhill.ppm, 64, 0.700000, 0.750000, 86.765605, , ,goldhill.ppm, 128, 0.700000, 0.750000, 55.364593, , ,goldhill.ppm, 256, 0.700000, 0.750000, 37.331989, , ,kodim05.ppm, 32, 0.700000, 0.750000, 220.115462, , ,kodim05.ppm, 64, 0.700000, 0.750000, 129.736386, , ,kodim05.ppm, 128, 0.700000, 0.750000, 79.773834, , ,kodim05.ppm, 256, 0.700000, 0.750000, 50.040217, , ,kodim23.ppm, 32, 0.700000, 0.750000, 249.145255, , ,kodim23.ppm, 64, 0.700000, 0.750000, 134.369131, , ,kodim23.ppm, 128, 0.700000, 0.750000, 81.176290, , ,kodim23.ppm, 256, 0.700000, 0.750000, 48.865261, , ,peppers.ppm, 32, 0.700000, 0.750000, 266.403534, , ,peppers.ppm, 64, 0.700000, 0.750000, 149.549095, , ,peppers.ppm, 128, 0.700000, 0.750000, 92.177280, , ,peppers.ppm, 256, 0.700000, 0.750000, 60.155183, , ,pills.ppm, 32, 0.700000, 0.750000, 201.007973, , ,pills.ppm, 64, 0.700000, 0.750000, 114.685759, , ,pills.ppm, 128, 0.700000, 0.750000, 69.228369, , ,pills.ppm, 256, 0.700000, 0.750000, 44.885545, , ,
baboon.ppm, 32, 0.700000, 0.500000, 375.157302, , ,baboon.ppm, 64, 0.700000, 0.500000, 239.041864, , ,baboon.ppm, 128, 0.700000, 0.500000, 154.373244, , ,baboon.ppm, 256, 0.700000, 0.500000, 100.346300, , ,fish.ppm, 32, 0.700000, 0.500000, 158.623503, , ,fish.ppm, 64, 0.700000, 0.500000, 98.899549, , ,fish.ppm, 128, 0.700000, 0.500000, 62.838395, , ,fish.ppm, 256, 0.700000, 0.500000, 39.501105, , ,lenna.ppm, 32, 0.700000, 0.500000, 131.508515, , ,lenna.ppm, 64, 0.700000, 0.500000, 76.749013, , ,lenna.ppm, 128, 0.700000, 0.500000, 49.746905, , ,lenna.ppm, 256, 0.700000, 0.500000, 32.791680, , ,goldhill.ppm, 32, 0.700000, 0.500000, 150.497143, , ,goldhill.ppm, 64, 0.700000, 0.500000, 87.623854, , ,goldhill.ppm, 128, 0.700000, 0.500000, 55.936199, , ,goldhill.ppm, 256, 0.700000, 0.500000, 38.259195, , ,kodim05.ppm, 32, 0.700000, 0.500000, 232.855780, , ,kodim05.ppm, 64, 0.700000, 0.500000, 132.307395, , ,kodim05.ppm, 128, 0.700000, 0.500000, 81.196399, , ,kodim05.ppm, 256, 0.700000, 0.500000, 50.169053, , ,kodim23.ppm, 32, 0.700000, 0.500000, 249.039956, , ,kodim23.ppm, 64, 0.700000, 0.500000, 134.691370, , ,kodim23.ppm, 128, 0.700000, 0.500000, 81.311798, , ,kodim23.ppm, 256, 0.700000, 0.500000, 49.145973, , ,peppers.ppm, 32, 0.700000, 0.500000, 264.002409, , ,peppers.ppm, 64, 0.700000, 0.500000, 151.689764, , ,peppers.ppm, 128, 0.700000, 0.500000, 92.279321, , ,peppers.ppm, 256, 0.700000, 0.500000, 62.124599, , ,pills.ppm, 32, 0.700000, 0.500000, 202.662192, , ,pills.ppm, 64, 0.700000, 0.500000, 114.920265, , ,pills.ppm, 128, 0.700000, 0.500000, 70.467871, , ,pills.ppm, 256, 0.700000, 0.500000, 45.521304, , ,
baboon.ppm, 32, 0.700000, 0.250000, 380.575520, , ,baboon.ppm, 64, 0.700000, 0.250000, 241.774981, , ,baboon.ppm, 128, 0.700000, 0.250000, 157.271350, , ,baboon.ppm, 256, 0.700000, 0.250000, 103.799626, , ,fish.ppm, 32, 0.700000, 0.250000, 158.578559, , ,fish.ppm, 64, 0.700000, 0.250000, 102.839109, , ,fish.ppm, 128, 0.700000, 0.250000, 64.429371, , ,fish.ppm, 256, 0.700000, 0.250000, 40.541234, , ,lenna.ppm, 32, 0.700000, 0.250000, 132.849440, , ,lenna.ppm, 64, 0.700000, 0.250000, 79.322249, , ,lenna.ppm, 128, 0.700000, 0.250000, 50.872137, , ,lenna.ppm, 256, 0.700000, 0.250000, 34.158961, , ,goldhill.ppm, 32, 0.700000, 0.250000, 152.579511, , ,goldhill.ppm, 64, 0.700000, 0.250000, 91.356864, , ,goldhill.ppm, 128, 0.700000, 0.250000, 59.093372, , ,goldhill.ppm, 256, 0.700000, 0.250000, 39.659783, , ,kodim05.ppm, 32, 0.700000, 0.250000, 222.044033, , ,kodim05.ppm, 64, 0.700000, 0.250000, 139.841726, , ,kodim05.ppm, 128, 0.700000, 0.250000, 88.524470, , ,kodim05.ppm, 256, 0.700000, 0.250000, 53.497006, , ,kodim23.ppm, 32, 0.700000, 0.250000, 252.089148, , ,kodim23.ppm, 64, 0.700000, 0.250000, 136.036841, , ,kodim23.ppm, 128, 0.700000, 0.250000, 82.693168, , ,kodim23.ppm, 256, 0.700000, 0.250000, 50.795131, , ,peppers.ppm, 32, 0.700000, 0.250000, 269.401897, , ,peppers.ppm, 64, 0.700000, 0.250000, 157.865091, , ,peppers.ppm, 128, 0.700000, 0.250000, 96.345861, , ,peppers.ppm, 256, 0.700000, 0.250000, 64.139065, , ,pills.ppm, 32, 0.700000, 0.250000, 201.179032, , ,pills.ppm, 64, 0.700000, 0.250000, 115.427294, , ,pills.ppm, 128, 0.700000, 0.250000, 72.529118, , ,pills.ppm, 256, 0.700000, 0.250000, 46.712009, , ,
baboon.ppm, 32, 0.800000, 1.000000, 377.286943, , ,baboon.ppm, 64, 0.800000, 1.000000, 238.404955, , ,baboon.ppm, 128, 0.800000, 1.000000, 155.086705, , ,baboon.ppm, 256, 0.800000, 1.000000, 101.037470, , ,fish.ppm, 32, 0.800000, 1.000000, 158.891091, , ,fish.ppm, 64, 0.800000, 1.000000, 100.277534, , ,fish.ppm, 128, 0.800000, 1.000000, 63.017064, , ,fish.ppm, 256, 0.800000, 1.000000, 38.340529, , ,lenna.ppm, 32, 0.800000, 1.000000, 132.687042, , ,lenna.ppm, 64, 0.800000, 1.000000, 77.919081, , ,lenna.ppm, 128, 0.800000, 1.000000, 50.065799, , ,lenna.ppm, 256, 0.800000, 1.000000, 32.666442, , ,goldhill.ppm, 32, 0.800000, 1.000000, 147.784201, , ,goldhill.ppm, 64, 0.800000, 1.000000, 87.835284, , ,goldhill.ppm, 128, 0.800000, 1.000000, 56.585320, , ,goldhill.ppm, 256, 0.800000, 1.000000, 38.220310, , ,kodim05.ppm, 32, 0.800000, 1.000000, 211.451259, , ,kodim05.ppm, 64, 0.800000, 1.000000, 139.078482, , ,kodim05.ppm, 128, 0.800000, 1.000000, 82.359476, , ,kodim05.ppm, 256, 0.800000, 1.000000, 50.182496, , ,kodim23.ppm, 32, 0.800000, 1.000000, 248.103951, , ,kodim23.ppm, 64, 0.800000, 1.000000, 141.387540, , ,kodim23.ppm, 128, 0.800000, 1.000000, 84.826489, , ,kodim23.ppm, 256, 0.800000, 1.000000, 49.993730, , ,peppers.ppm, 32, 0.800000, 1.000000, 269.351463, , ,peppers.ppm, 64, 0.800000, 1.000000, 155.784083, , ,peppers.ppm, 128, 0.800000, 1.000000, 94.534059, , ,peppers.ppm, 256, 0.800000, 1.000000, 61.493881, , ,pills.ppm, 32, 0.800000, 1.000000, 202.852755, , ,pills.ppm, 64, 0.800000, 1.000000, 114.813214, , ,pills.ppm, 128, 0.800000, 1.000000, 71.254953, , ,pills.ppm, 256, 0.800000, 1.000000, 45.830156, , ,
baboon.ppm, 32, 0.800000, 0.750000, 376.090110, , ,baboon.ppm, 64, 0.800000, 0.750000, 239.725518, , ,baboon.ppm, 128, 0.800000, 0.750000, 154.965881, , ,baboon.ppm, 256, 0.800000, 0.750000, 101.710181, , ,fish.ppm, 32, 0.800000, 0.750000, 155.712589, , ,fish.ppm, 64, 0.800000, 0.750000, 102.754864, , ,fish.ppm, 128, 0.800000, 0.750000, 62.811157, , ,fish.ppm, 256, 0.800000, 0.750000, 39.258503, , ,lenna.ppm, 32, 0.800000, 0.750000, 132.470036, , ,lenna.ppm, 64, 0.800000, 0.750000, 77.853538, , ,lenna.ppm, 128, 0.800000, 0.750000, 49.870451, , ,lenna.ppm, 256, 0.800000, 0.750000, 33.003010, , ,goldhill.ppm, 32, 0.800000, 0.750000, 148.750723, , ,goldhill.ppm, 64, 0.800000, 0.750000, 89.131273, , ,goldhill.ppm, 128, 0.800000, 0.750000, 58.205906, , ,goldhill.ppm, 256, 0.800000, 0.750000, 38.504028, , ,kodim05.ppm, 32, 0.800000, 0.750000, 229.657936, , ,kodim05.ppm, 64, 0.800000, 0.750000, 143.709918, , ,kodim05.ppm, 128, 0.800000, 0.750000, 85.736503, , ,kodim05.ppm, 256, 0.800000, 0.750000, 50.995946, , ,kodim23.ppm, 32, 0.800000, 0.750000, 249.779745, , ,kodim23.ppm, 64, 0.800000, 0.750000, 134.925711, , ,kodim23.ppm, 128, 0.800000, 0.750000, 81.528411, , ,kodim23.ppm, 256, 0.800000, 0.750000, 49.791230, , ,peppers.ppm, 32, 0.800000, 0.750000, 271.937210, , ,peppers.ppm, 64, 0.800000, 0.750000, 155.351217, , ,peppers.ppm, 128, 0.800000, 0.750000, 95.727454, , ,peppers.ppm, 256, 0.800000, 0.750000, 62.760529, , ,pills.ppm, 32, 0.800000, 0.750000, 208.182678, , ,pills.ppm, 64, 0.800000, 0.750000, 116.086018, , ,pills.ppm, 128, 0.800000, 0.750000, 71.552433, , ,pills.ppm, 256, 0.800000, 0.750000, 46.546011, , ,
baboon.ppm, 32, 0.800000, 0.500000, 378.581162, , ,baboon.ppm, 64, 0.800000, 0.500000, 241.541206, , ,baboon.ppm, 128, 0.800000, 0.500000, 156.701540, , ,baboon.ppm, 256, 0.800000, 0.500000, 103.440661, , ,fish.ppm, 32, 0.800000, 0.500000, 158.304812, , ,fish.ppm, 64, 0.800000, 0.500000, 108.414746, , ,fish.ppm, 128, 0.800000, 0.500000, 64.833831, , ,fish.ppm, 256, 0.800000, 0.500000, 39.623920, , ,lenna.ppm, 32, 0.800000, 0.500000, 135.163143, , ,lenna.ppm, 64, 0.800000, 0.500000, 78.282332, , ,lenna.ppm, 128, 0.800000, 0.500000, 50.501521, , ,lenna.ppm, 256, 0.800000, 0.500000, 33.700037, , ,goldhill.ppm, 32, 0.800000, 0.500000, 147.070108, , ,goldhill.ppm, 64, 0.800000, 0.500000, 90.562918, , ,goldhill.ppm, 128, 0.800000, 0.500000, 58.132638, , ,goldhill.ppm, 256, 0.800000, 0.500000, 39.522975, , ,kodim05.ppm, 32, 0.800000, 0.500000, 226.524259, , ,kodim05.ppm, 64, 0.800000, 0.500000, 140.580287, , ,kodim05.ppm, 128, 0.800000, 0.500000, 86.306107, , ,kodim05.ppm, 256, 0.800000, 0.500000, 51.581415, , ,kodim23.ppm, 32, 0.800000, 0.500000, 252.421982, , ,kodim23.ppm, 64, 0.800000, 0.500000, 141.478559, , ,kodim23.ppm, 128, 0.800000, 0.500000, 84.257107, , ,kodim23.ppm, 256, 0.800000, 0.500000, 50.481568, , ,peppers.ppm, 32, 0.800000, 0.500000, 266.253097, , ,peppers.ppm, 64, 0.800000, 0.500000, 157.141513, , ,peppers.ppm, 128, 0.800000, 0.500000, 96.668607, , ,peppers.ppm, 256, 0.800000, 0.500000, 63.648010, , ,pills.ppm, 32, 0.800000, 0.500000, 207.373155, , ,pills.ppm, 64, 0.800000, 0.500000, 120.036015, , ,pills.ppm, 128, 0.800000, 0.500000, 73.680763, , ,pills.ppm, 256, 0.800000, 0.500000, 46.938014, , ,
baboon.ppm, 32, 0.800000, 0.250000, 381.930617, , ,baboon.ppm, 64, 0.800000, 0.250000, 240.816692, , ,baboon.ppm, 128, 0.800000, 0.250000, 159.515494, , ,baboon.ppm, 256, 0.800000, 0.250000, 106.130788, , ,fish.ppm, 32, 0.800000, 0.250000, 174.741392, , ,fish.ppm, 64, 0.800000, 0.250000, 103.030305, , ,fish.ppm, 128, 0.800000, 0.250000, 66.876710, , ,fish.ppm, 256, 0.800000, 0.250000, 41.082181, , ,lenna.ppm, 32, 0.800000, 0.250000, 136.414132, , ,lenna.ppm, 64, 0.800000, 0.250000, 81.097961, , ,lenna.ppm, 128, 0.800000, 0.250000, 52.097661, , ,lenna.ppm, 256, 0.800000, 0.250000, 34.616023, , ,goldhill.ppm, 32, 0.800000, 0.250000, 155.544993, , ,goldhill.ppm, 64, 0.800000, 0.250000, 92.794753, , ,goldhill.ppm, 128, 0.800000, 0.250000, 60.431242, , ,goldhill.ppm, 256, 0.800000, 0.250000, 40.293866, , ,kodim05.ppm, 32, 0.800000, 0.250000, 235.931646, , ,kodim05.ppm, 64, 0.800000, 0.250000, 150.276523, , ,kodim05.ppm, 128, 0.800000, 0.250000, 87.555971, , ,kodim05.ppm, 256, 0.800000, 0.250000, 55.518574, , ,kodim23.ppm, 32, 0.800000, 0.250000, 257.258760, , ,kodim23.ppm, 64, 0.800000, 0.250000, 142.553093, , ,kodim23.ppm, 128, 0.800000, 0.250000, 85.506699, , ,kodim23.ppm, 256, 0.800000, 0.250000, 52.418316, , ,peppers.ppm, 32, 0.800000, 0.250000, 274.810447, , ,peppers.ppm, 64, 0.800000, 0.250000, 158.915669, , ,peppers.ppm, 128, 0.800000, 0.250000, 96.123233, , ,peppers.ppm, 256, 0.800000, 0.250000, 66.751722, , ,pills.ppm, 32, 0.800000, 0.250000, 205.842074, , ,pills.ppm, 64, 0.800000, 0.250000, 119.591598, , ,pills.ppm, 128, 0.800000, 0.250000, 75.960665, , ,pills.ppm, 256, 0.800000, 0.250000, 49.081226, , ,
baboon.ppm, 32, 0.900000, 1.000000, 384.620758, , ,baboon.ppm, 64, 0.900000, 1.000000, 243.941592, , ,baboon.ppm, 128, 0.900000, 1.000000, 157.281235, , ,baboon.ppm, 256, 0.900000, 1.000000, 103.964128, , ,fish.ppm, 32, 0.900000, 1.000000, 160.594938, , ,fish.ppm, 64, 0.900000, 1.000000, 99.757779, , ,fish.ppm, 128, 0.900000, 1.000000, 66.707295, , ,fish.ppm, 256, 0.900000, 1.000000, 40.981599, , ,lenna.ppm, 32, 0.900000, 1.000000, 136.288997, , ,lenna.ppm, 64, 0.900000, 1.000000, 79.961172, , ,lenna.ppm, 128, 0.900000, 1.000000, 51.190122, , ,lenna.ppm, 256, 0.900000, 1.000000, 33.859351, , ,goldhill.ppm, 32, 0.900000, 1.000000, 157.747566, , ,goldhill.ppm, 64, 0.900000, 1.000000, 93.043270, , ,goldhill.ppm, 128, 0.900000, 1.000000, 59.260117, , ,goldhill.ppm, 256, 0.900000, 1.000000, 40.053400, , ,kodim05.ppm, 32, 0.900000, 1.000000, 234.373041, , ,kodim05.ppm, 64, 0.900000, 1.000000, 153.183749, , ,kodim05.ppm, 128, 0.900000, 1.000000, 86.694377, , ,kodim05.ppm, 256, 0.900000, 1.000000, 54.222709, , ,kodim23.ppm, 32, 0.900000, 1.000000, 256.964732, , ,kodim23.ppm, 64, 0.900000, 1.000000, 145.408238, , ,kodim23.ppm, 128, 0.900000, 1.000000, 85.503832, , ,kodim23.ppm, 256, 0.900000, 1.000000, 51.269731, , ,peppers.ppm, 32, 0.900000, 1.000000, 267.704709, , ,peppers.ppm, 64, 0.900000, 1.000000, 158.730998, , ,peppers.ppm, 128, 0.900000, 1.000000, 98.111013, , ,peppers.ppm, 256, 0.900000, 1.000000, 64.675401, , ,pills.ppm, 32, 0.900000, 1.000000, 215.994533, , ,pills.ppm, 64, 0.900000, 1.000000, 121.206832, , ,pills.ppm, 128, 0.900000, 1.000000, 74.060966, , ,pills.ppm, 256, 0.900000, 1.000000, 48.652281, , ,
baboon.ppm, 32, 0.900000, 0.750000, 386.282442, , ,baboon.ppm, 64, 0.900000, 0.750000, 243.109859, , ,baboon.ppm, 128, 0.900000, 0.750000, 158.921143, , ,baboon.ppm, 256, 0.900000, 0.750000, 104.287006, , ,fish.ppm, 32, 0.900000, 0.750000, 171.234939, , ,fish.ppm, 64, 0.900000, 0.750000, 102.892120, , ,fish.ppm, 128, 0.900000, 0.750000, 66.480374, , ,fish.ppm, 256, 0.900000, 0.750000, 39.754473, , ,lenna.ppm, 32, 0.900000, 0.750000, 139.018699, , ,lenna.ppm, 64, 0.900000, 0.750000, 80.385244, , ,lenna.ppm, 128, 0.900000, 0.750000, 51.129953, , ,lenna.ppm, 256, 0.900000, 0.750000, 34.028950, , ,goldhill.ppm, 32, 0.900000, 0.750000, 153.100686, , ,goldhill.ppm, 64, 0.900000, 0.750000, 92.062567, , ,goldhill.ppm, 128, 0.900000, 0.750000, 59.883889, , ,goldhill.ppm, 256, 0.900000, 0.750000, 40.358628, , ,kodim05.ppm, 32, 0.900000, 0.750000, 237.829845, , ,kodim05.ppm, 64, 0.900000, 0.750000, 152.204330, , ,kodim05.ppm, 128, 0.900000, 0.750000, 87.666468, , ,kodim05.ppm, 256, 0.900000, 0.750000, 53.733366, , ,kodim23.ppm, 32, 0.900000, 0.750000, 253.693017, , ,kodim23.ppm, 64, 0.900000, 0.750000, 142.662792, , ,kodim23.ppm, 128, 0.900000, 0.750000, 84.488747, , ,kodim23.ppm, 256, 0.900000, 0.750000, 51.252045, , ,peppers.ppm, 32, 0.900000, 0.750000, 270.182112, , ,peppers.ppm, 64, 0.900000, 0.750000, 160.061029, , ,peppers.ppm, 128, 0.900000, 0.750000, 100.080590, , ,peppers.ppm, 256, 0.900000, 0.750000, 65.304426, , ,pills.ppm, 32, 0.900000, 0.750000, 212.982498, , ,pills.ppm, 64, 0.900000, 0.750000, 124.207380, , ,pills.ppm, 128, 0.900000, 0.750000, 73.266692, , ,pills.ppm, 256, 0.900000, 0.750000, 48.554009, , ,
baboon.ppm, 32, 0.900000, 0.500000, 381.801934, , ,baboon.ppm, 64, 0.900000, 0.500000, 243.025440, , ,baboon.ppm, 128, 0.900000, 0.500000, 162.087210, , ,baboon.ppm, 256, 0.900000, 0.500000, 106.090335, , ,fish.ppm, 32, 0.900000, 0.500000, 166.879321, , ,fish.ppm, 64, 0.900000, 0.500000, 102.182908, , ,fish.ppm, 128, 0.900000, 0.500000, 66.983685, , ,fish.ppm, 256, 0.900000, 0.500000, 40.663990, , ,lenna.ppm, 32, 0.900000, 0.500000, 137.870488, , ,lenna.ppm, 64, 0.900000, 0.500000, 81.138574, , ,lenna.ppm, 128, 0.900000, 0.500000, 51.509520, , ,lenna.ppm, 256, 0.900000, 0.500000, 34.711819, , ,goldhill.ppm, 32, 0.900000, 0.500000, 156.242017, , ,goldhill.ppm, 64, 0.900000, 0.500000, 95.242354, , ,goldhill.ppm, 128, 0.900000, 0.500000, 61.658344, , ,goldhill.ppm, 256, 0.900000, 0.500000, 40.882955, , ,kodim05.ppm, 32, 0.900000, 0.500000, 264.555712, , ,kodim05.ppm, 64, 0.900000, 0.500000, 155.886514, , ,kodim05.ppm, 128, 0.900000, 0.500000, 90.458845, , ,kodim05.ppm, 256, 0.900000, 0.500000, 55.396890, , ,kodim23.ppm, 32, 0.900000, 0.500000, 255.268353, , ,kodim23.ppm, 64, 0.900000, 0.500000, 140.424863, , ,kodim23.ppm, 128, 0.900000, 0.500000, 86.721093, , ,kodim23.ppm, 256, 0.900000, 0.500000, 52.993063, , ,peppers.ppm, 32, 0.900000, 0.500000, 275.403137, , ,peppers.ppm, 64, 0.900000, 0.500000, 161.910710, , ,peppers.ppm, 128, 0.900000, 0.500000, 99.592807, , ,peppers.ppm, 256, 0.900000, 0.500000, 66.988873, , ,pills.ppm, 32, 0.900000, 0.500000, 211.092948, , ,pills.ppm, 64, 0.900000, 0.500000, 124.192699, , ,pills.ppm, 128, 0.900000, 0.500000, 75.901298, , ,pills.ppm, 256, 0.900000, 0.500000, 49.040000, , ,
baboon.ppm, 32, 0.900000, 0.250000, 387.680159, , ,baboon.ppm, 64, 0.900000, 0.250000, 247.643692, , ,baboon.ppm, 128, 0.900000, 0.250000, 162.996508, , ,baboon.ppm, 256, 0.900000, 0.250000, 109.064976, , ,fish.ppm, 32, 0.900000, 0.250000, 164.008692, , ,fish.ppm, 64, 0.900000, 0.250000, 112.854142, , ,fish.ppm, 128, 0.900000, 0.250000, 67.355977, , ,fish.ppm, 256, 0.900000, 0.250000, 42.145217, , ,lenna.ppm, 32, 0.900000, 0.250000, 138.086691, , ,lenna.ppm, 64, 0.900000, 0.250000, 82.665591, , ,lenna.ppm, 128, 0.900000, 0.250000, 53.680894, , ,lenna.ppm, 256, 0.900000, 0.250000, 35.726533, , ,goldhill.ppm, 32, 0.900000, 0.250000, 155.611587, , ,goldhill.ppm, 64, 0.900000, 0.250000, 98.265393, , ,goldhill.ppm, 128, 0.900000, 0.250000, 63.645691, , ,goldhill.ppm, 256, 0.900000, 0.250000, 42.767707, , ,kodim05.ppm, 32, 0.900000, 0.250000, 240.977486, , ,kodim05.ppm, 64, 0.900000, 0.250000, 163.203572, , ,kodim05.ppm, 128, 0.900000, 0.250000, 91.560541, , ,kodim05.ppm, 256, 0.900000, 0.250000, 56.496922, , ,kodim23.ppm, 32, 0.900000, 0.250000, 260.921775, , ,kodim23.ppm, 64, 0.900000, 0.250000, 154.303352, , ,kodim23.ppm, 128, 0.900000, 0.250000, 88.705086, , ,kodim23.ppm, 256, 0.900000, 0.250000, 54.607230, , ,peppers.ppm, 32, 0.900000, 0.250000, 280.095880, , ,peppers.ppm, 64, 0.900000, 0.250000, 162.948061, , ,peppers.ppm, 128, 0.900000, 0.250000, 103.344858, , ,peppers.ppm, 256, 0.900000, 0.250000, 68.275084, , ,pills.ppm, 32, 0.900000, 0.250000, 217.266718, , ,pills.ppm, 64, 0.900000, 0.250000, 120.715829, , ,pills.ppm, 128, 0.900000, 0.250000, 80.131495, , ,pills.ppm, 256, 0.900000, 0.250000, 50.975298, , ,
baboon.ppm, 32, 1.000000, 1.000000, 382.570012, , ,baboon.ppm, 64, 1.000000, 1.000000, 251.751864, , ,baboon.ppm, 128, 1.000000, 1.000000, 163.535436, , ,baboon.ppm, 256, 1.000000, 1.000000, 107.306831, , ,fish.ppm, 32, 1.000000, 1.000000, 172.856150, , ,fish.ppm, 64, 1.000000, 1.000000, 106.065144, , ,fish.ppm, 128, 1.000000, 1.000000, 67.790722, , ,fish.ppm, 256, 1.000000, 1.000000, 40.428269, , ,lenna.ppm, 32, 1.000000, 1.000000, 145.401619, , ,lenna.ppm, 64, 1.000000, 1.000000, 84.180726, , ,lenna.ppm, 128, 1.000000, 1.000000, 52.786638, , ,lenna.ppm, 256, 1.000000, 1.000000, 35.195419, , ,goldhill.ppm, 32, 1.000000, 1.000000, 157.327373, , ,goldhill.ppm, 64, 1.000000, 1.000000, 100.163231, , ,goldhill.ppm, 128, 1.000000, 1.000000, 63.487749, , ,goldhill.ppm, 256, 1.000000, 1.000000, 41.885671, , ,kodim05.ppm, 32, 1.000000, 1.000000, 253.543050, , ,kodim05.ppm, 64, 1.000000, 1.000000, 159.049698, , ,kodim05.ppm, 128, 1.000000, 1.000000, 93.332436, , ,kodim05.ppm, 256, 1.000000, 1.000000, 56.201859, , ,kodim23.ppm, 32, 1.000000, 1.000000, 248.524390, , ,kodim23.ppm, 64, 1.000000, 1.000000, 149.053387, , ,kodim23.ppm, 128, 1.000000, 1.000000, 87.227144, , ,kodim23.ppm, 256, 1.000000, 1.000000, 53.953137, , ,peppers.ppm, 32, 1.000000, 1.000000, 274.330966, , ,peppers.ppm, 64, 1.000000, 1.000000, 165.433388, , ,peppers.ppm, 128, 1.000000, 1.000000, 100.629818, , ,peppers.ppm, 256, 1.000000, 1.000000, 68.121149, , ,pills.ppm, 32, 1.000000, 1.000000, 215.812965, , ,pills.ppm, 64, 1.000000, 1.000000, 126.605458, , ,pills.ppm, 128, 1.000000, 1.000000, 80.654356, , ,pills.ppm, 256, 1.000000, 1.000000, 50.595391, , ,
baboon.ppm, 32, 1.000000, 0.750000, 394.285850, , ,baboon.ppm, 64, 1.000000, 0.750000, 248.135034, , ,baboon.ppm, 128, 1.000000, 0.750000, 164.088699, , ,baboon.ppm, 256, 1.000000, 0.750000, 108.760315, , ,fish.ppm, 32, 1.000000, 0.750000, 189.981364, , ,fish.ppm, 64, 1.000000, 0.750000, 106.288395, , ,fish.ppm, 128, 1.000000, 0.750000, 67.151621, , ,fish.ppm, 256, 1.000000, 0.750000, 41.766992, , ,lenna.ppm, 32, 1.000000, 0.750000, 140.188606, , ,lenna.ppm, 64, 1.000000, 0.750000, 84.078331, , ,lenna.ppm, 128, 1.000000, 0.750000, 53.263806, , ,lenna.ppm, 256, 1.000000, 0.750000, 35.633562, , ,goldhill.ppm, 32, 1.000000, 0.750000, 161.662790, , ,goldhill.ppm, 64, 1.000000, 0.750000, 99.965794, , ,goldhill.ppm, 128, 1.000000, 0.750000, 63.175586, , ,goldhill.ppm, 256, 1.000000, 0.750000, 43.017838, , ,kodim05.ppm, 32, 1.000000, 0.750000, 252.979297, , ,kodim05.ppm, 64, 1.000000, 0.750000, 164.363696, , ,kodim05.ppm, 128, 1.000000, 0.750000, 95.232956, , ,kodim05.ppm, 256, 1.000000, 0.750000, 57.712227, , ,kodim23.ppm, 32, 1.000000, 0.750000, 258.711482, , ,kodim23.ppm, 64, 1.000000, 0.750000, 151.178516, , ,kodim23.ppm, 128, 1.000000, 0.750000, 89.922916, , ,kodim23.ppm, 256, 1.000000, 0.750000, 54.447959, , ,peppers.ppm, 32, 1.000000, 0.750000, 280.060307, , ,peppers.ppm, 64, 1.000000, 0.750000, 165.259727, , ,peppers.ppm, 128, 1.000000, 0.750000, 103.076624, , ,peppers.ppm, 256, 1.000000, 0.750000, 68.870404, , ,pills.ppm, 32, 1.000000, 0.750000, 214.196382, , ,pills.ppm, 64, 1.000000, 0.750000, 127.530144, , ,pills.ppm, 128, 1.000000, 0.750000, 80.032895, , ,pills.ppm, 256, 1.000000, 0.750000, 51.135711, , ,
baboon.ppm, 32, 1.000000, 0.500000, 386.184210, , ,baboon.ppm, 64, 1.000000, 0.500000, 251.675621, , ,baboon.ppm, 128, 1.000000, 0.500000, 164.481534, , ,baboon.ppm, 256, 1.000000, 0.500000, 109.627268, , ,fish.ppm, 32, 1.000000, 0.500000, 165.835404, , ,fish.ppm, 64, 1.000000, 0.500000, 116.432435, , ,fish.ppm, 128, 1.000000, 0.500000, 70.110080, , ,fish.ppm, 256, 1.000000, 0.500000, 41.896142, , ,lenna.ppm, 32, 1.000000, 0.500000, 135.431297, , ,lenna.ppm, 64, 1.000000, 0.500000, 83.440138, , ,lenna.ppm, 128, 1.000000, 0.500000, 54.553765, , ,lenna.ppm, 256, 1.000000, 0.500000, 36.110855, , ,goldhill.ppm, 32, 1.000000, 0.500000, 159.294053, , ,goldhill.ppm, 64, 1.000000, 0.500000, 96.233090, , ,goldhill.ppm, 128, 1.000000, 0.500000, 64.146995, , ,goldhill.ppm, 256, 1.000000, 0.500000, 43.095212, , ,kodim05.ppm, 32, 1.000000, 0.500000, 250.740523, , ,kodim05.ppm, 64, 1.000000, 0.500000, 166.143832, , ,kodim05.ppm, 128, 1.000000, 0.500000, 94.567265, , ,kodim05.ppm, 256, 1.000000, 0.500000, 57.140124, , ,kodim23.ppm, 32, 1.000000, 0.500000, 259.761921, , ,kodim23.ppm, 64, 1.000000, 0.500000, 161.385393, , ,kodim23.ppm, 128, 1.000000, 0.500000, 89.519542, , ,kodim23.ppm, 256, 1.000000, 0.500000, 54.797375, , ,peppers.ppm, 32, 1.000000, 0.500000, 281.976520, , ,peppers.ppm, 64, 1.000000, 0.500000, 168.112733, , ,peppers.ppm, 128, 1.000000, 0.500000, 106.514631, , ,peppers.ppm, 256, 1.000000, 0.500000, 69.501637, , ,pills.ppm, 32, 1.000000, 0.500000, 222.173358, , ,pills.ppm, 64, 1.000000, 0.500000, 125.287256, , ,pills.ppm, 128, 1.000000, 0.500000, 82.204864, , ,pills.ppm, 256, 1.000000, 0.500000, 52.001751, , ,
baboon.ppm, 32, 1.000000, 0.250000, 392.179689, , ,baboon.ppm, 64, 1.000000, 0.250000, 255.031199, , ,baboon.ppm, 128, 1.000000, 0.250000, 167.445648, , ,baboon.ppm, 256, 1.000000, 0.250000, 112.412623, , ,fish.ppm, 32, 1.000000, 0.250000, 180.629014, , ,fish.ppm, 64, 1.000000, 0.250000, 110.438971, , ,fish.ppm, 128, 1.000000, 0.250000, 72.227724, , ,fish.ppm, 256, 1.000000, 0.250000, 42.456072, , ,lenna.ppm, 32, 1.000000, 0.250000, 142.742085, , ,lenna.ppm, 64, 1.000000, 0.250000, 85.418579, , ,lenna.ppm, 128, 1.000000, 0.250000, 55.667880, , ,lenna.ppm, 256, 1.000000, 0.250000, 37.665031, , ,goldhill.ppm, 32, 1.000000, 0.250000, 161.532659, , ,goldhill.ppm, 64, 1.000000, 0.250000, 104.617802, , ,goldhill.ppm, 128, 1.000000, 0.250000, 65.805251, , ,goldhill.ppm, 256, 1.000000, 0.250000, 44.121745, , ,kodim05.ppm, 32, 1.000000, 0.250000, 247.119446, , ,kodim05.ppm, 64, 1.000000, 0.250000, 167.057812, , ,kodim05.ppm, 128, 1.000000, 0.250000, 95.888240, , ,kodim05.ppm, 256, 1.000000, 0.250000, 59.986363, , ,kodim23.ppm, 32, 1.000000, 0.250000, 273.412217, , ,kodim23.ppm, 64, 1.000000, 0.250000, 154.906211, , ,kodim23.ppm, 128, 1.000000, 0.250000, 91.466418, , ,kodim23.ppm, 256, 1.000000, 0.250000, 55.861372, , ,peppers.ppm, 32, 1.000000, 0.250000, 281.860727, , ,peppers.ppm, 64, 1.000000, 0.250000, 173.774081, , ,peppers.ppm, 128, 1.000000, 0.250000, 105.316803, , ,peppers.ppm, 256, 1.000000, 0.250000, 71.526071, , ,pills.ppm, 32, 1.000000, 0.250000, 224.212471, , ,pills.ppm, 64, 1.000000, 0.250000, 134.613858, , ,pills.ppm, 128, 1.000000, 0.250000, 84.506391, , ,pills.ppm, 256, 1.000000, 0.250000, 53.570062, , ,
